stage,dataset,scenario,coverage,interval_score,superiority_rule_met,source_path,source_sha256,aci_minus_far_cal_estimate,aci_minus_far_cal_lower,aci_minus_far_cal_upper,rolling_minus_far_cal_estimate,rolling_minus_far_cal_lower,rolling_minus_far_cal_upper
core,metr_la,C1,0.898502637400034,20.3373966217041,True,artifacts\evaluation\metr_la-asymmetric-C1-transfer-audit.json,fba618ca37edf299da4313e4071d2dda6f354d6cb123fdf44e482c1823384c1e,0.7757266978331523,0.41791702505880357,1.2074118817987853,0.7964797900285733,0.4350752972657564,1.2371315790122608
core,metr_la,C2,0.898502637400034,20.3373966217041,True,artifacts\evaluation\metr_la-asymmetric-C2-transfer-audit.json,7a50feb6b0f502a0b4baf52d0245165678b1b54bdd40e5f7909389317b134958,0.7715692701886581,0.41365200616707165,1.2026904080775043,0.7928793676170907,0.4290955491280417,1.2327341015248108
core,metr_la,C5,0.8892831889049385,22.13922882080078,True,artifacts\evaluation\metr_la-asymmetric-C5-transfer-audit.json,99019e4046a8fc9371e49d2ee7b92950abd5a0703c1a729879f21e0af4b3b99b,0.20491962642008069,0.12320239615646932,0.267969963020695,0.22789186101120973,0.1419729449037975,0.2895840010675931
independent_control,metr_la,C3,0.9024869645928312,19.376171112060547,True,artifacts\stress\matched_control\evaluation\metr_la-C3-transfer-audit.json,2949944d4e63f825f5e4556d5b59aadf98cf9f889ac6929e2f906377368e4369,0.6927269621396032,0.5182975381220634,0.8721525352089368,0.6808398398295327,0.5037502006950911,0.8631699748918267
independent_control,metr_la,C4,0.9027963564558252,19.379865646362305,True,artifacts\stress\matched_control\evaluation\metr_la-C4-transfer-audit.json,0038c94982d0a2f85705a6289db491be2e017fb292528d7020b7c7d813276deb,0.6985111028034926,0.5237789879360842,0.8778620539420366,0.68575061446177,0.5071821743523776,0.8692754097304293
core,pems_bay,C1,0.9006397890946503,10.327184677124023,False,artifacts\evaluation\pems_bay-asymmetric-C1-transfer-audit.json,5a8bad66fa35e439f7f3adf90e23e323038dd3ae0309e68b2da981fb8c779aa6,-0.09404996902118493,-0.24805616624354848,0.09501002290396969,-0.07931582225724257,-0.22592907934767253,0.10396963393736847
core,pems_bay,C2,0.9006397890946503,10.327184677124023,False,artifacts\evaluation\pems_bay-asymmetric-C2-transfer-audit.json,bd30e5d374c8a5beb9e495031df6abfc0a4e5bc44e4e344d0ec7cad9accd2928,-0.09370619106899808,-0.2485213334022756,0.09516271502433928,-0.07891263933124118,-0.22618572548735807,0.10440108220451869
core,pems_bay,C5,0.8977146270694658,11.042756080627441,False,artifacts\evaluation\pems_bay-asymmetric-C5-transfer-audit.json,d094918f5f5c68caa438dec10e18ab3098f2bd098c4d304f375e63291793b4ff,-0.036167262876461215,-0.05124803659869816,-0.01556905833997098,-0.030952805115363472,-0.04669029273504311,-0.010548485624558101
independent_control,pems_bay,C3,0.9041364271355071,10.234469413757324,False,artifacts\stress\matched_control\evaluation\pems_bay-C3-transfer-audit.json,c7d84a0eb3d639e0fec28b38e715b853e0394ac9e3622f7714d55397963d0e75,0.0402047140813003,-0.021647658367956128,0.13999641129815737,0.04059139036791886,-0.022592198478351942,0.13969976885949828
independent_control,pems_bay,C4,0.9054891137687826,10.237178802490234,False,artifacts\stress\matched_control\evaluation\pems_bay-C4-transfer-audit.json,2dbab79f492956752b98259b480d9f8a1359320f34c3168e23dc54d0065a6bb3,0.03734345822453056,-0.018131632780898296,0.12398462088586762,0.03733923780219089,-0.01961393618804807,0.12272986855428414
