dataset,factor,far_cal_coverage,scenario,superiority_rule_met,value,variant,far_cal_interval_score,aci_minus_far_cal_estimate,aci_minus_far_cal_lower,aci_minus_far_cal_upper,rolling_minus_far_cal_estimate,rolling_minus_far_cal_lower,rolling_minus_far_cal_upper
metr_la,duration_bins,0.9042277459103463,C3,True,3,duration03,17.898630142211914,0.5260107249091177,0.11700930174140954,1.0408313742542668,0.5325661695102281,0.0933153149436065,1.0936953660739754
metr_la,duration_bins,0.8983647635711662,C3,True,12,duration12,21.517810821533203,0.7132931875991484,0.3792014056161944,1.1025956068722422,0.6658053251660407,0.3284562055752573,1.0508665082557107
metr_la,duration_bins,0.8956239212102751,C3,True,24,duration24,23.617677688598633,0.629496009214642,0.28107527355045764,1.0276387860771445,0.5900052574283537,0.23849552914331226,1.0052695588290672
metr_la,connected_fraction,0.8908137882018479,C3,True,0.05,fraction05,22.070100784301758,0.7575993983560871,0.265453693114937,1.3459311193241579,0.6791582131267188,0.17327147754597452,1.2938403132878487
metr_la,connected_fraction,0.9024140038414528,C3,True,0.2,fraction20,20.21334457397461,0.7035579846045599,0.3909449980957942,1.0177615901198493,0.6630651537860399,0.3131776096064253,1.0534189997674117
metr_la,additional_backlog_delay_bins,0.898502637400034,C3,True,3,extra03,20.337392807006836,0.7728317559972311,0.4153775004930878,1.2045564848635952,0.7930396782493884,0.4292624711802953,1.2323249136111596
metr_la,additional_backlog_delay_bins,0.9037774374680959,C3,True,12,extra12,20.352201461791992,0.7487845711710505,0.3207446067800874,1.236040570559903,0.7650213446851609,0.3395468422683019,1.2598287229921528
metr_la,loss_within,0.8996511825761443,C3,True,0.25,loss025,20.350038528442383,0.7643246074223449,0.39186980300434154,1.2119443825483576,0.785467581824419,0.4065213413554434,1.244545320756342
metr_la,loss_within,0.9009273438829335,C3,True,0.5,loss050,20.370975494384766,0.7398174462197528,0.36960743210519087,1.1762944962267083,0.7583529277380904,0.37777213747325383,1.2110863298675434
metr_la,loss_within,0.903649821337417,C3,True,1.0,loss100,20.363609313964844,0.7352208298892011,0.31549236105121636,1.2162329344108893,0.7534508429681929,0.33464196063320145,1.2411658585061038
metr_la,cold_calibration,0.898502637400034,C3,True,,cold_calibration,20.337583541870117,0.7712604019011853,0.41323807182256933,1.2020594247784397,0.7924466679569654,0.4288380807911175,1.2319751419188818
metr_la,mnar_low_speed,0.8985451761102603,C3,True,,mnar_low_speed,20.33810806274414,0.7784633201179161,0.4254285991226256,1.1977209990552005,0.7991195608203623,0.4425781096082215,1.2342862206952936
metr_la,duration_bins,0.8997583004706781,C4,True,3,duration03,21.143842697143555,0.5152860561491034,0.2238597595968155,0.8211336661696251,0.48672219525411503,0.1996091331181175,0.7803933422495344
metr_la,duration_bins,0.8965509770787295,C4,True,12,duration12,20.862377166748047,0.8227005860458301,0.4168849941720976,1.236252797481628,0.7316139898379097,0.27045601942437125,1.1539464758015996
metr_la,duration_bins,0.9016571701970336,C4,True,24,duration24,22.450288772583008,0.7564923047359181,0.4103262200847501,1.1715054161571221,0.7396876787680638,0.4132892205971617,1.124976640405289
metr_la,connected_fraction,0.9067879760949068,C4,True,0.05,fraction05,20.57877540588379,0.8904806247160295,0.5076931800633265,1.4077487151171009,0.856885402615814,0.4496997663403624,1.4059184245619585
metr_la,connected_fraction,0.9072144682524081,C4,True,0.2,fraction20,19.625505447387695,0.6969356428547595,0.4110347166505409,0.9739948719097844,0.6870255334982982,0.38571931256119335,1.0085109051855579
metr_la,additional_backlog_delay_bins,0.8958918091349835,C4,True,3,extra03,23.433366775512695,0.9481796500856622,0.5631350895983062,1.3785158362020307,0.9498977826608325,0.5322724167871132,1.4250006005486882
metr_la,additional_backlog_delay_bins,0.8978906183550225,C4,True,12,extra12,23.512109756469727,0.9275740453293911,0.5229349020577551,1.3833817148735177,0.926259198034257,0.48517310289898596,1.4197168233864939
metr_la,loss_within,0.8938504720591988,C4,True,0.0,loss000,23.415990829467773,0.9547699988876931,0.5802598107738023,1.3619490734429336,0.9539601622952423,0.5547202069940709,1.4189197474203852
metr_la,loss_within,0.8947860848856001,C4,True,0.25,loss025,23.408817291259766,0.9680445380607124,0.5885054129226228,1.3857687243302346,0.9656452143020934,0.5616467888279871,1.4355882124672055
metr_la,loss_within,0.8979756740665136,C4,True,1.0,loss100,23.510723114013672,0.928774221460359,0.5194693013993577,1.3863050665221983,0.9282363687352867,0.48917754667696933,1.4230424375749189
metr_la,cold_calibration,0.8959343369907289,C4,True,,cold_calibration,23.433443069458008,0.9506623797081275,0.5646879247045333,1.3809954798318762,0.9506241532423326,0.5341826278035008,1.4266147496263257
metr_la,mnar_low_speed,0.8959343369907289,C4,True,,mnar_low_speed,23.42951011657715,0.9579058824230784,0.5790688934618915,1.3807077837846382,0.9602253814837433,0.5479268492882868,1.4309784846969391
pems_bay,duration_bins,0.8984053497942387,C3,False,3,duration03,10.565789222717285,-0.0256729777902365,-0.18445481780365197,0.14029987556273285,-0.01657662558304185,-0.17185874501697956,0.15323946841361566
pems_bay,duration_bins,0.8980918852880658,C3,False,12,duration12,11.127067565917969,-0.18646091496794193,-0.2840468663490488,-0.09059372041146212,-0.16016670776753392,-0.25654060256351996,-0.06152092869577415
pems_bay,duration_bins,0.9015507115912208,C3,False,24,duration24,12.881922721862793,-0.39790079405145473,-0.5210693401259604,-0.2700295468632502,-0.37484866725370314,-0.4997449608626173,-0.24912126507597496
pems_bay,connected_fraction,0.901781121399177,C3,False,0.05,fraction05,10.86125659942627,0.22564488189455903,-0.0029491621548685372,0.40113951842824963,0.23297724900422273,0.004581987739572941,0.40453630911040417
pems_bay,connected_fraction,0.900332383665717,C3,False,0.2,fraction20,10.24600887298584,0.04532016933851131,-0.06742557446258025,0.1715737620297988,0.05544866012523128,-0.057232714422283296,0.18272697647705016
pems_bay,additional_backlog_delay_bins,0.9093846450617284,C3,False,3,extra03,10.452507972717285,-0.21395780662756891,-0.36748158273080966,-0.062282927847071665,-0.20079981682845108,-0.34378293208873134,-0.053887458024290215
pems_bay,additional_backlog_delay_bins,0.9100919495884774,C3,False,12,extra12,10.52272891998291,-0.2671901795077961,-0.41700459532325257,-0.12388465655816328,-0.2576840521284827,-0.39862896566280215,-0.12011310599923519
pems_bay,loss_within,0.9062178497942387,C3,False,0.25,loss025,10.405137062072754,-0.17089341222902632,-0.3312431204019797,-0.005536300128930249,-0.15609254504826087,-0.3088468615444452,0.00519747939382364
pems_bay,loss_within,0.9086612654320988,C3,False,0.5,loss050,10.438651084899902,-0.19844003857991085,-0.34819910463482234,-0.045725278425698526,-0.18338817978898686,-0.3256679625928571,-0.033836424160641414
pems_bay,loss_within,0.9100758744855967,C3,False,1.0,loss100,10.522830963134766,-0.2672224622526409,-0.41720655168660836,-0.12462123261828568,-0.2578271456875305,-0.3996759280962996,-0.12022539642235659
pems_bay,cold_calibration,0.9005915637860082,C3,False,,cold_calibration,10.327348709106445,-0.09403613179063601,-0.24855785174240277,0.09427831481793085,-0.07911947624826873,-0.22682780365441305,0.10419724182445224
pems_bay,mnar_low_speed,0.9013149434156379,C3,False,,mnar_low_speed,10.368157386779785,-0.14083943010878908,-0.29318294401784173,0.0062329909179139305,-0.12707152247520875,-0.27317552033415515,0.018864926838891998
pems_bay,duration_bins,0.9066518775720165,C4,False,3,duration03,10.556252479553223,-0.20591855832517392,-0.37244299289503857,-0.05353503142774599,-0.18492829959088394,-0.3519824954489533,-0.03568676572482527
pems_bay,duration_bins,0.9018454218106996,C4,False,12,duration12,11.073175430297852,-0.2223400296068486,-0.3415289362999992,-0.11954176893040235,-0.21549908714867178,-0.330791715380802,-0.11320155451810449
pems_bay,duration_bins,0.9017168209876543,C4,False,24,duration24,12.871079444885254,-0.415285746128757,-0.5538681773368603,-0.3035270283437438,-0.3858683682385377,-0.5208257231644086,-0.27182732880750154
pems_bay,connected_fraction,0.9062821502057613,C4,False,0.05,fraction05,10.483694076538086,-0.07784170048778928,-0.24007539291933527,0.09929628439524868,-0.08258964251650212,-0.2435432261607223,0.09293249283243936
pems_bay,connected_fraction,0.9101772712883824,C4,False,0.2,fraction20,10.771720886230469,-0.20240613184008427,-0.31268914996821773,-0.09691944710508965,-0.20628598433349962,-0.31616321466341923,-0.10081169914786826
pems_bay,additional_backlog_delay_bins,0.9087094907407407,C4,False,3,extra03,10.599291801452637,-0.30475438646052355,-0.5070134188673786,-0.11848060042135987,-0.27958884103982534,-0.457300631853833,-0.10942112763988565
pems_bay,additional_backlog_delay_bins,0.9098347479423868,C4,False,12,extra12,10.607460975646973,-0.3188109516545578,-0.5162402669624783,-0.12602480029545485,-0.29519496271731677,-0.47353455676292017,-0.12108924045599256
pems_bay,loss_within,0.8989679783950617,C4,False,0.0,loss000,10.325418472290039,-0.07040984488625093,-0.21236227476379257,0.08165672608530396,-0.042466889262015424,-0.1765513439653173,0.10845741678236255
pems_bay,loss_within,0.9029224537037037,C4,False,0.25,loss025,10.451805114746094,-0.19189099003963267,-0.3701542958914776,-0.022999229584058475,-0.1649288325857969,-0.321552271409167,-0.01212885089318268
pems_bay,loss_within,0.9098186728395061,C4,False,1.0,loss100,10.607630729675293,-0.3191776851061809,-0.5166297848728607,-0.1268820931703046,-0.29539375485461433,-0.4740193363400864,-0.12100099823226852
pems_bay,cold_calibration,0.9066197273662552,C4,False,,cold_calibration,10.584458351135254,-0.3105887148008057,-0.5213201206832795,-0.11953309019250224,-0.28488701473109024,-0.47368138142441446,-0.10552415728009902
pems_bay,mnar_low_speed,0.9073109567901234,C4,False,,mnar_low_speed,10.557868003845215,-0.2797411586552736,-0.4715190853571063,-0.09413292495756119,-0.25372712107168305,-0.42281075486040187,-0.08644306445794725
