work,version,missing inputs,delayed feedback,permanently lost feedback,correlated outages,stale-residual treatment,recovery evaluation,code availability,evidence location
DCRNN,ICLR 2018,no,no,no,no,no,no,official MIT code pinned at 602afd9; six-run PS-1 adapter and 114-stage audit complete,https://github.com/liyaguang/DCRNN/tree/602afd9d767d3aa1c9b3eac51710d6aeee12c227
Graph WaveNet,IJCAI 2019,no,no,no,no,no,no,author code,https://github.com/nnzhan/Graph-WaveNet
STID,CIKM 2022,no,no,no,no,no,no,official Apache-2.0 code pinned at e8b313c; six-run PS-1 adapter and 114-stage audit complete,https://github.com/GestaltCogTeam/STID/tree/e8b313bc591bdd0101a1619962c9b503e75127c0
STAEformer,CIKM 2023,no,no,no,no,no,no,official code audited at fc49d39; no repository license; independent six-run second-backbone implementation and 114-stage audit complete,https://arxiv.org/abs/2308.10425
TESTAM,ICLR 2024,no,no,no,no,no,no,author code pending audit,https://arxiv.org/abs/2403.02600
Spatiotemporal Downsampling,ICML 2024,yes,not established,not established,structured input missingness,not established,not established,author code audit pending,https://proceedings.mlr.press/v235/marisca24a.html
Adaptive Conformal Multi-Step,COPA 2024,no,ordinary horizon delay only,not studied,no,horizon-specific online significance update,no outage-recovery endpoint,algorithm inspected and project adapter tested,https://proceedings.mlr.press/v230/hallberg-szabadvary24a.html
CoRel,ICML 2025,no,not found in reviewed paper/source,not found in reviewed paper/source,relational calibration,learned graph quantile model over recent residual windows,not found in reviewed paper/source,official MIT code pinned; six-run PS-1 adapter and 36-cell audit complete,https://github.com/andreacini/corel/tree/4504c4edf76128bfe657762a41ec9eb043038ca2
MAS-Mamba,2026,yes,not found in reviewed full text,not found in reviewed full text,structured input masking,held-out split conformal scores,not found in reviewed full text,code availability unresolved,https://ietresearch.onlinelibrary.wiley.com/doi/pdfdirect/10.1049/itr2.70304
Post-Training ACP for Incomplete Time Series,TMLR 2026,yes,not found in reviewed full text,not found in reviewed full text,structured input missingness,missing-pattern-conditioned reweighting and post-training radius adaptation after observed labels,not found in reviewed full text,code audit pending,https://openreview.net/forum?id=KMBU4wx79B
Adaptive CP for Spatio-Temporal Hypergraph Neural Networks,Applied Soft Computing 2026,not studied in reviewed article,not found in reviewed article,not found in reviewed article,spatio-temporal hypergraph structure,topology-adaptive scale with blocked one-time offline calibration,not found in reviewed article,code audit pending,https://www.sciencedirect.com/science/article/pii/S1568494626017047
