dataset,horizon,mae,rmse,seed
metr_la,12,3.4849135875701904,7.2347538562549385,11
metr_la,3,2.7075726985931396,5.1560474702767305,11
metr_la,6,3.088050365447998,6.198199029041684,11
metr_la,12,3.4912524223327637,7.257944424090308,22
metr_la,3,2.712212324142456,5.178923169297016,22
metr_la,6,3.086092948913574,6.219314319558769,22
pems_bay,12,1.9409339427947998,4.423636041980531,11
pems_bay,3,1.3264886140823364,2.7654000745785856,11
pems_bay,6,1.6468223333358765,3.6877121945120965,11
pems_bay,12,1.9224603176116943,4.353578932427207,22
pems_bay,3,1.3151339292526245,2.729279658960882,22
pems_bay,6,1.6363483667373657,3.637101723801492,22
pems_bay,12,1.933329701423645,4.401639650188032,33
pems_bay,3,1.3382264375686646,2.7657091375796203,33
pems_bay,6,1.6556791067123413,3.6938535620925195,33
sumo,12,1.5615204572677612,4.251474461315138,11
sumo,3,1.1191188097000122,2.960310172506227,11
sumo,6,1.3410241603851318,3.7757385693503185,11
sumo,12,1.760014533996582,4.714591309521994,22
sumo,3,1.1042766571044922,2.8335950020029284,22
sumo,6,1.4210546016693115,3.9842449092196963,22
sumo,12,1.6458570957183838,4.449307488552072,33
sumo,3,1.106056571006775,2.825257929277141,33
sumo,6,1.3785065412521362,3.8548543917892637,33
