minutes,q05_mph,q50_mph,q95_mph,truth_mph
-120,44.508941650390625,54.9300537109375,59.76974105834961,53.644447326660156
-115,44.600894927978516,54.94002914428711,60.518157958984375,56.157142639160156
-110,46.15351104736328,54.78874206542969,61.174713134765625,55.67063522338867
-105,45.92981719970703,54.964324951171875,61.12250518798828,54.04999923706055
-100,46.15558624267578,56.115570068359375,61.32634735107422,53.684722900390625
-95,46.86799621582031,57.131622314453125,61.587181091308594,53.63750076293945
-90,46.7650032043457,56.95515823364258,61.695045471191406,52.338897705078125
-85,47.93458557128906,57.336891174316406,61.74904251098633,54.1409797668457
-80,48.32222366333008,57.370635986328125,61.708953857421875,58.3055534362793
-75,45.76660919189453,56.60692596435547,61.75868606567383,58.7833366394043
-70,44.68461227416992,55.37012481689453,61.624813079833984,58.72856903076172
-65,44.01948928833008,55.2447509765625,61.37898254394531,55.95000076293945
-60,44.50365447998047,55.344173431396484,61.17155075073242,57.5666618347168
-55,45.81477737426758,56.67777633666992,61.32857894897461,57.53333282470703
-50,49.98966598510742,57.64372253417969,61.53893280029297,58.85625076293945
-45,50.4914665222168,57.69380569458008,61.43775177001953,58.763389587402344
-40,50.681243896484375,57.8684196472168,61.49397277832031,59.006248474121094
-35,46.83552932739258,57.29762649536133,61.25191879272461,57.53125
-30,49.67635726928711,57.476783752441406,61.17321014404297,57.252777099609375
-25,50.660579681396484,57.43778991699219,61.162750244140625,58.26875686645508
-20,50.885921478271484,57.611480712890625,61.359066009521484,57.36696243286133
-15,50.9359016418457,57.61673355102539,61.34534454345703,58.12013626098633
-10,50.648170471191406,57.66902160644531,61.38020706176758,59.122222900390625
-5,50.01704406738281,57.53606414794922,61.28406524658203,58.119834899902344
0,49.693538665771484,57.540496826171875,61.30495071411133,57.842369079589844
5,49.146949768066406,57.702701568603516,61.47346878051758,58.897918701171875
10,49.04048156738281,57.8376350402832,61.56521987915039,58.850006103515625
15,48.25419616699219,57.818504333496094,61.607269287109375,58.256248474121094
20,47.7033805847168,57.72526550292969,61.55867004394531,58.3166618347168
25,47.8057746887207,57.73744583129883,61.56877899169922,58.4555549621582
30,51.00985336303711,57.65401840209961,61.24629211425781,58.469642639160156
35,51.30890655517578,57.742401123046875,61.26750946044922,58.775001525878906
40,50.94062805175781,57.6557502746582,61.16272735595703,58.175697326660156
45,50.49524688720703,57.60530090332031,61.12238311767578,58.54534149169922
50,51.16716003417969,57.64701843261719,61.140113830566406,57.375
55,49.89225769042969,57.595035552978516,61.146575927734375,58.90625
60,51.488094329833984,57.67848587036133,61.08255386352539,58.49470901489258
65,52.1007194519043,57.83907699584961,61.21142578125,57.323787689208984
70,52.318206787109375,57.850067138671875,61.21165084838867,56.30952453613281
75,51.8284912109375,57.771995544433594,61.151512145996094,56.449729919433594
80,50.86966323852539,57.57693862915039,61.01396179199219,56.68056106567383
85,51.31160354614258,57.68156051635742,61.06694030761719,57.38029479980469
90,51.16572570800781,57.727073669433594,60.6984748840332,56.805267333984375
95,51.593326568603516,57.93120574951172,60.72694778442383,56.8148078918457
100,50.29536819458008,57.447086334228516,60.35491180419922,58.4920654296875
105,47.58884811401367,56.87425994873047,60.11328125,56.938777923583984
110,49.57080841064453,57.148006439208984,60.167999267578125,56.48299789428711
115,51.49238586425781,57.72066116333008,60.31315231323242,52.45369338989258
120,50.73384094238281,57.47528839111328,60.09934616088867,52.34920120239258
125,46.356014251708984,57.19290542602539,59.93156433105469,52.37245559692383
130,46.23337936401367,57.215633392333984,59.981021881103516,51.23478317260742
135,45.892303466796875,57.158226013183594,59.9632453918457,50.2976188659668
140,46.08611297607422,55.47273635864258,60.39207077026367,49.86243438720703
145,44.12429428100586,53.7148551940918,59.66907501220703,50.01057815551758
150,43.29222106933594,53.70267105102539,59.6394157409668,48.83068084716797
155,43.08717346191406,53.88241195678711,59.691986083984375,48.481483459472656
160,40.45947265625,52.68480682373047,59.68696975708008,48.69132614135742
165,39.483306884765625,51.84795379638672,59.342830657958984,49.6020393371582
170,38.75056457519531,50.86420440673828,58.89752960205078,49.994049072265625
175,38.515281677246094,50.66960144042969,58.84675598144531,50.128963470458984
180,38.468772888183594,49.15481948852539,57.41109848022461,52.50680160522461
185,38.05238723754883,47.131988525390625,56.76289367675781,54.41864776611328
190,37.835296630859375,46.8983154296875,54.64371109008789,54.90645980834961
195,38.8743896484375,47.31874465942383,54.76725387573242,54.566139221191406
200,39.206233978271484,47.34532165527344,55.59097671508789,54.97354507446289
205,39.18952941894531,47.85419464111328,57.40412139892578,55.359130859375
210,40.79988479614258,51.42414093017578,58.071468353271484,54.15277862548828
