absolute_error,minutes,sensor,speed
0.01601409912109375,-60,1,65.33333587646484
2.1113510131835938,-55,1,63.22222137451172
1.1513824462890625,-50,1,66.5
0.2895355224609375,-45,1,65.0
0.30730438232421875,-40,1,65.625
2.3597488403320312,-35,1,62.75
0.558837890625,-30,1,65.77777862548828
0.6987762451171875,-25,1,65.77777862548828
1.05914306640625,-20,1,66.375
1.1984100341796875,-15,1,64.22222137451172
0.6229476928710938,-10,1,64.77777862548828
1.5893478393554688,-5,1,66.88888549804688
0.8769378662109375,0,1,64.33333587646484
1.289703369140625,5,1,66.625
0.0401458740234375,10,1,65.22222137451172
1.0081710815429688,15,1,66.25
0.18962860107421875,20,1,65.22222137451172
2.1137924194335938,25,1,67.0
0.1215057373046875,30,1,65.375
1.8027725219726562,35,1,67.5
0.2845916748046875,40,1,66.0
0.5293350219726562,45,1,65.22222137451172
0.24915313720703125,50,1,65.5
0.39122772216796875,55,1,66.25
1.8963241577148438,60,1,67.77777862548828
0.34038543701171875,65,1,65.66666412353516
0.33718109130859375,70,1,66.375
0.43772125244140625,75,1,66.33333587646484
0.001617431640625,80,1,65.77777862548828
1.0792236328125,85,1,64.77777862548828
0.0594940185546875,90,1,66.0
1.4358673095703125,95,1,64.55555725097656
0.8551025390625,100,1,66.77777862548828
0.7855072021484375,105,1,65.14286041259766
0.31406402587890625,110,1,65.57142639160156
1.0990142822265625,115,1,64.66666412353516
0.2872161865234375,120,1,66.0
11.238563537597656,-60,16,31.88888931274414
7.013690948486328,-55,16,32.0
1.712554931640625,-50,16,30.875
2.032327651977539,-45,16,31.75
2.766115188598633,-40,16,33.375
0.06377983093261719,-35,16,30.5
1.0924072265625,-30,16,31.55555534362793
0.025554656982421875,-25,16,30.44444465637207
1.7953510284423828,-20,16,28.5
2.080747604370117,-15,16,32.33333206176758
1.0318470001220703,-10,16,31.66666603088379
1.2786178588867188,-5,16,31.55555534362793
0.11749649047851562,0,16,30.33333396911621
3.465085983276367,5,16,33.5
1.186971664428711,10,16,30.77777862548828
1.2880172729492188,15,16,30.75
0.80743408203125,20,16,30.22222137451172
2.622121810913086,25,16,32.0
0.6392230987548828,30,16,30.25
0.1718921661376953,35,16,30.0
1.2380695343017578,40,16,31.11111068725586
1.2224998474121094,45,16,30.88888931274414
0.24859619140625,50,16,29.25
0.2252330780029297,55,16,29.875
0.8808650970458984,60,16,30.33333396911621
0.3988513946533203,65,16,29.88888931274414
1.0402374267578125,70,16,30.5
1.6083259582519531,75,16,31.0
2.3100929260253906,80,16,31.33333396911621
2.501331329345703,85,16,31.55555534362793
1.6785469055175781,90,16,30.75
2.120626449584961,95,16,31.0
5.852724075317383,100,16,34.66666793823242
0.48337364196777344,105,16,28.428571701049805
1.2894096374511719,110,16,30.285715103149414
0.2689342498779297,115,16,28.88888931274414
0.9404506683349609,120,16,29.77777862548828
1.8631668090820312,-60,23,56.44444274902344
2.9161720275878906,-55,23,55.44444274902344
0.5199699401855469,-50,23,58.125
0.4867286682128906,-45,23,58.375
0.4188194274902344,-40,23,59.625
1.7814216613769531,-35,23,56.25
0.18797683715820312,-30,23,57.88888931274414
0.12414169311523438,-25,23,57.33333206176758
0.935089111328125,-20,23,57.0
1.0636749267578125,-15,23,57.22222137451172
1.2218055725097656,-10,23,59.77777862548828
1.1385345458984375,-5,23,57.0
1.1044998168945312,0,23,59.33333206176758
2.7322769165039062,5,23,61.25
0.6019058227539062,10,23,58.22222137451172
2.1495208740234375,15,23,56.75
0.9837493896484375,20,23,59.77777862548828
0.7321281433105469,25,23,59.44444274902344
1.2890510559082031,30,23,57.625
1.2754554748535156,35,23,60.625
2.221050262451172,40,23,56.66666793823242
0.03433990478515625,45,23,58.55555725097656
2.1002273559570312,50,23,56.75
1.9980964660644531,55,23,57.0
0.6196098327636719,60,23,59.44444274902344
0.5465621948242188,65,23,58.66666793823242
0.66259765625,70,23,58.25
1.0175209045410156,75,23,57.77777862548828
0.6283073425292969,80,23,57.77777862548828
0.9467620849609375,85,23,57.22222137451172
0.26018524169921875,90,23,58.125
3.51214599609375,95,23,55.22222137451172
3.0713539123535156,100,23,55.44444274902344
0.5764656066894531,105,23,57.14285659790039
31.987812042236328,110,23,26.0
55.11015701293945,115,23,2.8888888359069824
55.099212646484375,120,23,3.0
0.6986923217773438,-60,30,61.0
9.6080322265625,-55,30,50.77777862548828
7.265296936035156,-50,30,53.125
6.2260894775390625,-45,30,54.25
0.42967987060546875,-40,30,60.875
3.9872779846191406,-35,30,64.25
3.4147186279296875,-30,30,56.77777862548828
1.9649772644042969,-25,30,58.88888931274414
3.2407989501953125,-20,30,63.125
3.293132781982422,-15,30,62.88888931274414
1.3598403930664062,-10,30,58.44444274902344
0.12105560302734375,-5,30,60.22222137451172
2.3075523376464844,0,30,62.77777862548828
0.28192901611328125,5,30,60.5
2.223247528076172,10,30,58.88888931274414
3.1632614135742188,15,30,57.75
3.549396514892578,20,30,57.33333206176758
3.7168045043945312,25,30,57.22222137451172
4.073360443115234,30,30,64.625
0.1078338623046875,35,30,60.5
11.451183319091797,40,30,48.88888931274414
2.4436569213867188,45,30,62.66666793823242
2.1954193115234375,50,30,62.375
1.9951553344726562,55,30,62.125
2.877117156982422,60,30,63.22222137451172
0.14761734008789062,65,30,60.55555725097656
1.3902015686035156,70,30,62.0
1.151397705078125,75,30,61.55555725097656
2.280517578125,80,30,62.66666793823242
1.7781791687011719,85,30,62.22222137451172
1.1362762451171875,90,30,59.25
5.701362609863281,95,30,54.66666793823242
7.953102111816406,100,30,68.22222137451172
5.015499114990234,105,30,65.28571319580078
4.113323211669922,110,30,64.42857360839844
1.1645622253417969,115,30,59.22222137451172
0.5251541137695312,120,30,60.77777862548828
3.004253387451172,-60,48,51.44444274902344
0.07311248779296875,-55,48,54.77777862548828
2.5930252075195312,-50,48,53.25
1.893707275390625,-45,48,54.0
0.399017333984375,-40,48,56.375
1.0152015686035156,-35,48,56.0
0.0962982177734375,-30,48,54.5
0.9188385009765625,-25,48,55.88888931274414
0.5780448913574219,-20,48,55.625
0.3783912658691406,-15,48,54.625
1.2836570739746094,-10,48,56.77777862548828
0.27150726318359375,-5,48,55.44444274902344
4.267139434814453,0,48,51.375
3.0888938903808594,5,48,52.83333206176758
2.1997528076171875,10,48,53.88888931274414
1.6643409729003906,15,48,54.5
0.7296562194824219,20,48,55.44444274902344
0.356201171875,25,48,55.88888931274414
1.4048843383789062,30,48,54.14285659790039
1.5354537963867188,35,48,56.85714340209961
1.54339599609375,40,48,53.625
2.072467803955078,45,48,53.22222137451172
0.2642364501953125,50,48,55.125
1.3767814636230469,55,48,54.125
2.5713233947753906,60,48,52.88888931274414
3.48443603515625,65,48,52.28571319580078
0.529998779296875,70,48,55.25
0.7631607055664062,75,48,56.33333206176758
0.17856979370117188,80,48,55.125
1.6407623291015625,85,48,56.875
2.420940399169922,90,48,52.625
1.062744140625,95,48,55.88888931274414
0.6475028991699219,100,48,54.11111068725586
1.318206787109375,105,48,56.14285659790039
2.578746795654297,110,48,57.42856979370117
0.7869491577148438,115,48,55.88888931274414
1.1693115234375,120,48,56.0
2.1160125732421875,-60,49,57.55555725097656
1.6741180419921875,-55,49,61.44444274902344
0.001873016357421875,-50,49,60.0
1.6247634887695312,-45,49,61.625
0.2573509216308594,-40,49,60.375
2.8151206970214844,-35,49,56.875
17.300697326660156,-30,49,42.44444274902344
4.020259857177734,-25,49,56.11111068725586
0.4551048278808594,-20,49,60.625
0.9643173217773438,-15,49,59.22222137451172
1.0102081298828125,-10,49,59.11111068725586
0.6318931579589844,-5,49,59.22222137451172
2.097644805908203,0,49,58.0
1.9254798889160156,5,49,58.5
1.3900909423828125,10,49,59.33333206176758
3.2747879028320312,15,49,57.5
0.05394744873046875,20,49,60.55555725097656
1.190765380859375,25,49,59.33333206176758
0.6738357543945312,30,49,59.125
0.8401985168457031,35,49,58.875
1.6901397705078125,40,49,61.44444274902344
0.35002899169921875,45,49,59.22222137451172
0.058528900146484375,50,49,60.0
0.626617431640625,55,49,60.5
0.21831512451171875,60,49,60.22222137451172
0.0317230224609375,65,49,60.11111068725586
0.24327850341796875,70,49,60.625
1.1488914489746094,75,49,61.33333206176758
1.2531242370605469,80,49,61.11111068725586
0.27678680419921875,85,49,60.33333206176758
0.5648269653320312,90,49,60.75
0.96588134765625,95,49,59.22222137451172
0.6741142272949219,100,49,59.44444274902344
0.5355110168457031,105,49,59.85714340209961
1.4764137268066406,110,49,62.0
0.479400634765625,115,49,60.33333206176758
1.9460678100585938,120,49,58.66666793823242
nan,-60,56,nan
nan,-55,56,nan
nan,-50,56,nan
nan,-45,56,nan
nan,-40,56,nan
nan,-35,56,nan
nan,-30,56,nan
nan,-25,56,nan
nan,-20,56,nan
nan,-15,56,nan
nan,-10,56,nan
nan,-5,56,nan
nan,0,56,nan
nan,5,56,nan
nan,10,56,nan
nan,15,56,nan
nan,20,56,nan
nan,25,56,nan
nan,30,56,nan
nan,35,56,nan
nan,40,56,nan
nan,45,56,nan
nan,50,56,nan
nan,55,56,nan
3.9504966735839844,60,56,41.44444274902344
6.1327667236328125,65,56,31.77777862548828
20.27391815185547,70,56,17.5
29.0101261138916,75,56,8.55555534362793
24.88028335571289,80,56,12.5
12.312582015991211,85,56,25.55555534362793
9.211271286010742,90,56,28.285715103149414
3.9946250915527344,95,56,37.66666793823242
3.0295143127441406,100,56,38.66666793823242
11.421829223632812,105,56,37.28571319580078
12.00181770324707,110,56,42.0
0.140289306640625,115,56,39.22222137451172
0.7433586120605469,120,56,38.55555725097656
0.38695526123046875,-60,64,65.55555725097656
1.3076019287109375,-55,64,67.11111450195312
0.6495895385742188,-50,64,66.75
1.1732864379882812,-45,64,65.0
0.03333282470703125,-40,64,66.125
0.666595458984375,-35,64,66.875
0.9953689575195312,-30,64,65.22222137451172
1.2169570922851562,-25,64,65.22222137451172
0.28343963623046875,-20,64,66.14286041259766
1.6319427490234375,-15,64,64.66666412353516
0.4754180908203125,-10,64,66.55555725097656
0.10759735107421875,-5,64,66.11111450195312
0.7541351318359375,0,64,66.875
0.9749908447265625,5,64,65.125
0.7227096557617188,10,64,65.33333587646484
0.44231414794921875,15,64,66.5
0.16626739501953125,20,64,66.22222137451172
1.0353240966796875,25,64,65.0
0.08678436279296875,30,64,66.0
0.47739410400390625,35,64,65.57142639160156
0.44675445556640625,40,64,66.33333587646484
0.4833984375,45,64,65.57142639160156
7.566795349121094,50,64,58.5
1.1279678344726562,55,64,64.875
0.2519378662109375,60,64,65.625
0.7523193359375,65,64,66.625
1.4411239624023438,70,64,64.5
0.8428726196289062,75,64,66.77777862548828
0.00608062744140625,80,64,65.88888549804688
0.07201385498046875,85,64,65.77777862548828
0.604705810546875,90,64,65.0
1.5350112915039062,95,64,67.22222137451172
0.8366928100585938,100,64,66.44444274902344
7.589557647705078,105,64,58.14285659790039
1.029876708984375,110,64,66.66666412353516
1.6057510375976562,115,64,67.33333587646484
0.4789581298828125,120,64,66.22222137451172
2.5552711486816406,-60,65,59.33333206176758
6.2566070556640625,-55,65,55.77777862548828
2.319438934326172,-50,65,65.5
0.9916801452636719,-45,65,62.125
2.8264198303222656,-40,65,65.875
3.1553611755371094,-35,65,65.75
0.21776580810546875,-30,65,61.77777862548828
3.037109375,-25,65,64.88888549804688
1.3529243469238281,-20,65,64.0
2.4700698852539062,-15,65,65.22222137451172
0.7828140258789062,-10,65,64.0
0.42156219482421875,-5,65,63.22222137451172
1.6403541564941406,0,65,65.25
2.2300453186035156,5,65,61.375
1.5797233581542969,10,65,65.22222137451172
2.3735504150390625,15,65,66.0
0.15554046630859375,20,65,63.44444274902344
0.2550392150878906,25,65,63.77777862548828
1.1279373168945312,30,65,64.5
1.3672904968261719,35,65,61.57143020629883
0.8765335083007812,40,65,64.11111450195312
1.9413909912109375,45,65,65.57142639160156
6.351436614990234,50,65,57.0
1.4531326293945312,55,65,64.75
1.4167022705078125,60,65,64.875
2.866058349609375,65,65,66.0
1.2230644226074219,70,65,64.375
1.8723869323730469,75,65,61.66666793823242
1.6334381103515625,80,65,64.55555725097656
1.0757675170898438,85,65,62.33333206176758
0.3599052429199219,90,65,63.0
2.3275375366210938,95,65,61.22222137451172
0.49847412109375,100,65,63.11111068725586
7.948677062988281,105,65,55.14285659790039
3.415233612060547,110,65,66.66666412353516
1.4884910583496094,115,65,64.55555725097656
1.0787086486816406,120,65,63.88888931274414
0.22732925415039062,-60,101,58.88888931274414
0.8428840637207031,-55,101,60.44444274902344
0.7405738830566406,-50,101,60.875
0.9302558898925781,-45,101,61.0
0.6468315124511719,-40,101,59.5
3.041534423828125,-35,101,56.5
0.20751571655273438,-30,101,59.66666793823242
1.0872116088867188,-25,101,59.11111068725586
3.108226776123047,-20,101,57.375
1.4674186706542969,-15,101,59.11111068725586
0.15845489501953125,-10,101,60.33333206176758
2.155345916748047,-5,101,57.55555725097656
0.8102073669433594,0,101,58.66666793823242
2.0534515380859375,5,101,61.5
0.8245429992675781,10,101,60.66666793823242
1.9221153259277344,15,101,58.0
0.0988006591796875,20,101,59.66666793823242
0.5697555541992188,25,101,59.22222137451172
0.6990127563476562,30,101,60.0
0.701416015625,35,101,60.75
0.9218063354492188,40,101,60.88888931274414
1.4509925842285156,45,101,60.75
0.928436279296875,50,101,60.625
1.149932861328125,55,101,60.875
0.02813720703125,60,101,60.0
1.6013221740722656,65,101,61.88888931274414
0.8062019348144531,70,101,59.5
0.6265907287597656,75,101,60.77777862548828
0.10775375366210938,80,101,59.88888931274414
1.8117790222167969,85,101,62.0
1.685882568359375,90,101,58.5
2.502349853515625,95,101,58.11111068725586
1.1271438598632812,100,101,59.11111068725586
0.5816154479980469,105,101,60.71428680419922
1.5601043701171875,110,101,61.57143020629883
2.0972671508789062,115,101,58.44444274902344
2.251495361328125,120,101,57.33333206176758
0.218780517578125,-60,123,67.33333587646484
0.1826019287109375,-55,123,67.33333587646484
0.30828094482421875,-50,123,67.75
0.46163177490234375,-45,123,67.625
1.1452713012695312,-40,123,68.625
0.0803070068359375,-35,123,67.5
0.04376983642578125,-30,123,67.55555725097656
0.4091644287109375,-25,123,67.11111450195312
0.5973129272460938,-20,123,68.25
1.24310302734375,-15,123,66.44444274902344
1.1484222412109375,-10,123,66.66666412353516
0.9791793823242188,-5,123,68.88888549804688
1.2591323852539062,0,123,66.66666412353516
0.5176162719726562,5,123,67.5
0.645721435546875,10,123,68.66666412353516
0.681671142578125,15,123,68.75
0.6933059692382812,20,123,67.33333587646484
0.40360260009765625,25,123,68.44444274902344
0.381988525390625,30,123,67.625
0.001220703125,35,123,68.0
0.59124755859375,40,123,68.66666412353516
0.5171585083007812,45,123,67.66666412353516
8.191970825195312,50,123,60.0
0.00351715087890625,55,123,68.125
0.26973724365234375,60,123,68.44444274902344
1.8603286743164062,65,123,66.33333587646484
0.1614227294921875,70,123,68.125
0.587158203125,75,123,67.66666412353516
0.7086639404296875,80,123,67.66666412353516
0.5183258056640625,85,123,67.66666412353516
0.049896240234375,90,123,68.125
0.1590576171875,95,123,68.0
0.04712677001953125,100,123,68.22222137451172
0.306671142578125,105,123,68.42857360839844
1.0101242065429688,110,123,69.14286041259766
0.1127166748046875,115,123,68.11111450195312
0.41063690185546875,120,123,68.66666412353516
2.5159339904785156,-60,129,56.77777862548828
1.1751632690429688,-55,129,60.44444274902344
0.45891571044921875,-50,129,59.875
2.3620567321777344,-45,129,61.75
1.1536865234375,-40,129,58.25
0.6013336181640625,-35,129,58.5
1.6453857421875,-30,129,57.55555725097656
2.1588058471679688,-25,129,57.33333206176758
0.4115753173828125,-20,129,59.0
0.8355674743652344,-15,129,58.77777862548828
1.7481269836425781,-10,129,61.33333206176758
2.1476974487304688,-5,129,57.44444274902344
2.4549713134765625,0,129,57.44444274902344
1.82647705078125,5,129,58.375
1.2934417724609375,10,129,59.11111068725586
1.7296371459960938,15,129,58.5
0.5762367248535156,20,129,60.77777862548828
0.07623672485351562,25,129,60.33333206176758
1.6758384704589844,30,129,57.875
0.5421371459960938,35,129,58.875
0.4822883605957031,40,129,60.0
0.6094818115234375,45,129,60.125
0.46111297607421875,50,129,60.25
0.2062835693359375,55,129,60.0
0.6168975830078125,60,129,59.11111068725586
0.46718597412109375,65,129,59.33333206176758
1.3184967041015625,70,129,58.75
0.17641830444335938,75,129,60.11111068725586
1.1992912292480469,80,129,58.66666793823242
1.4584121704101562,85,129,58.44444274902344
0.06412887573242188,90,129,59.75
1.5405426025390625,95,129,58.11111068725586
1.5932197570800781,100,129,57.88888931274414
0.08330917358398438,105,129,59.42856979370117
2.037731170654297,110,129,61.42856979370117
0.3705024719238281,115,129,59.11111068725586
0.6620368957519531,120,129,58.77777862548828
0.00688934326171875,-60,133,57.55555725097656
1.6212043762207031,-55,133,59.77777862548828
0.8166160583496094,-50,133,59.25
1.8079185485839844,-45,133,60.14285659790039
0.8830375671386719,-40,133,57.375
3.4725189208984375,-35,133,54.5
0.10786056518554688,-30,133,58.11111068725586
1.4990005493164062,-25,133,57.375
2.3679885864257812,-20,133,56.57143020629883
0.45062255859375,-15,133,58.55555725097656
0.157928466796875,-10,133,58.88888931274414
0.9332046508789062,-5,133,57.28571319580078
1.2894134521484375,0,133,57.125
2.0089073181152344,5,133,56.75
0.8319473266601562,10,133,58.44444274902344
1.3534088134765625,15,133,58.0
0.8765449523925781,20,133,60.0
0.9859809875488281,25,133,58.22222137451172
0.16099166870117188,30,133,58.5
1.4257583618164062,35,133,59.75
0.9746437072753906,40,133,59.11111068725586
1.3447761535644531,45,133,59.55555725097656
0.0959014892578125,50,133,58.375
0.3707466125488281,55,133,58.75
1.3279685974121094,60,133,59.77777862548828
1.2044525146484375,65,133,60.0
1.2742691040039062,70,133,60.0
0.5596733093261719,75,133,59.11111068725586
0.3923492431640625,80,133,58.77777862548828
2.598785400390625,85,133,61.22222137451172
1.7534904479980469,90,133,57.125
2.1533164978027344,95,133,56.88888931274414
0.029422760009765625,100,133,58.88888931274414
0.3758277893066406,105,133,59.14285659790039
2.1754913330078125,110,133,60.66666793823242
1.3545188903808594,115,133,57.75
3.2901382446289062,120,133,55.0
0.6343040466308594,-60,134,62.22222137451172
1.10858154296875,-55,134,64.22222137451172
0.8116798400878906,-50,134,62.75
0.8987655639648438,-45,134,62.75
1.8086280822753906,-40,134,61.75
2.110645294189453,-35,134,60.125
0.9614105224609375,-30,134,62.0
0.17217254638671875,-25,134,64.0
0.06467819213867188,-20,134,63.875
2.3709869384765625,-15,134,61.33333206176758
0.741943359375,-10,134,64.33333587646484
4.126640319824219,-5,134,59.22222137451172
0.37786865234375,0,134,62.66666793823242
0.6875572204589844,5,134,63.625
0.148529052734375,10,134,63.0
0.5908660888671875,15,134,62.25
1.321319580078125,20,134,63.88888931274414
6.171173095703125,25,134,56.44444274902344
1.4986419677734375,30,134,64.75
1.9162254333496094,35,134,65.625
1.7798423767089844,40,134,65.22222137451172
1.0369110107421875,45,134,62.22222137451172
0.9564743041992188,50,134,64.5
2.1381683349609375,55,134,64.5
1.182373046875,60,134,64.66666412353516
0.34732818603515625,65,134,64.88888549804688
1.8738632202148438,70,134,62.625
0.03290557861328125,75,134,64.33333587646484
0.3576240539550781,80,134,63.55555725097656
1.7772369384765625,85,134,66.0
0.48885345458984375,90,134,63.875
2.4320106506347656,95,134,62.11111068725586
0.5900535583496094,100,134,63.66666793823242
1.3474655151367188,105,134,65.57142639160156
1.7394256591796875,110,134,66.0
0.8869705200195312,115,134,63.77777862548828
1.4639320373535156,120,134,62.88888931274414
0.6954803466796875,-60,135,61.55555725097656
0.6063117980957031,-55,135,60.55555725097656
4.303966522216797,-50,135,65.5
0.046722412109375,-45,135,60.875
1.48114013671875,-40,135,59.875
0.2749595642089844,-35,135,60.625
0.72039794921875,-30,135,61.77777862548828
0.17286300659179688,-25,135,61.0
9.688526153564453,-20,135,52.0
1.5762557983398438,-15,135,60.11111068725586
2.8632583618164062,-10,135,64.11111450195312
1.4012680053710938,-5,135,59.88888931274414
1.8251686096191406,0,135,59.66666793823242
0.8983650207519531,5,135,60.875
2.7713851928710938,10,135,64.77777862548828
3.301166534423828,15,135,58.75
2.315044403076172,20,135,59.66666793823242
2.4836959838867188,25,135,64.44444274902344
1.0990524291992188,30,135,63.0
1.332550048828125,35,135,60.0
0.15271759033203125,40,135,61.77777862548828
1.0921287536621094,45,135,62.77777862548828
0.6516304016113281,50,135,60.75
0.4377593994140625,55,135,62.375
0.3834495544433594,60,135,61.88888931274414
2.3557510375976562,65,135,59.66666793823242
2.843597412109375,70,135,64.875
2.9334754943847656,75,135,59.33333206176758
0.02332305908203125,80,135,62.11111068725586
1.1505165100097656,85,135,63.33333206176758
2.157115936279297,90,135,60.125
0.4539451599121094,95,135,62.44444274902344
1.5431289672851562,100,135,60.77777862548828
1.8760223388671875,105,135,64.0
0.8456306457519531,110,135,61.28571319580078
0.9154777526855469,115,135,61.55555725097656
0.8982315063476562,120,135,61.33333206176758
3.4155120849609375,-60,165,50.88888931274414
2.7620582580566406,-55,165,51.33333206176758
1.7444915771484375,-50,165,56.875
1.748687744140625,-45,165,57.625
3.8023109436035156,-40,165,52.25
0.36330413818359375,-35,165,53.125
0.3234062194824219,-30,165,53.77777862548828
3.1180343627929688,-25,165,55.66666793823242
5.248928070068359,-20,165,49.875
1.4927558898925781,-15,165,54.0
1.6443405151367188,-10,165,56.77777862548828
2.8675537109375,-5,165,51.55555725097656
3.2411651611328125,0,165,51.0
0.5019645690917969,5,165,55.0
3.9519424438476562,10,165,50.88888931274414
1.5867996215820312,15,165,53.375
2.6255645751953125,20,165,52.33333206176758
1.4061279296875,25,165,53.44444274902344
4.0459136962890625,30,165,51.0
0.6019554138183594,35,165,54.125
2.6838836669921875,40,165,51.22222137451172
1.9307022094726562,45,165,52.11111068725586
1.8592147827148438,50,165,52.125
0.39614105224609375,55,165,54.5
2.6537857055664062,60,165,56.55555725097656
1.14849853515625,65,165,55.77777862548828
1.2160568237304688,70,165,52.75
1.8775672912597656,75,165,52.22222137451172
1.4417953491210938,80,165,52.44444274902344
1.728302001953125,85,165,52.55555725097656
0.993896484375,90,165,54.0
4.371860504150391,95,165,50.88888931274414
3.1623802185058594,100,165,51.33333206176758
3.1549453735351562,105,165,56.0
17.781417846679688,110,165,36.0
48.313880920410156,115,165,5.222222328186035
50.42118453979492,120,165,3.444444417953491
22.557819366455078,-60,166,69.33333587646484
5.064247131347656,-55,166,68.66666412353516
1.8991622924804688,-50,166,68.125
2.2545166015625,-45,166,69.0
1.8479232788085938,-40,166,70.0
0.12532806396484375,-35,166,68.5
0.34537506103515625,-30,166,69.11111450195312
0.8116912841796875,-25,166,69.77777862548828
3.3831100463867188,-20,166,65.5
0.35190582275390625,-15,166,69.33333587646484
2.6613082885742188,-10,166,66.55555725097656
0.6976852416992188,-5,166,68.55555725097656
3.035125732421875,0,166,66.11111450195312
0.46987152099609375,5,166,69.75
0.2134246826171875,10,166,69.44444274902344
0.3551788330078125,15,166,69.625
3.1825332641601562,20,166,66.0
0.2214202880859375,25,166,69.33333587646484
0.865966796875,30,166,67.875
0.8131561279296875,35,166,69.625
0.18952178955078125,40,166,69.22222137451172
0.11389923095703125,45,166,69.11111450195312
1.0855255126953125,50,166,69.5
0.5374832153320312,55,166,68.0
0.78515625,60,166,69.22222137451172
4.36761474609375,65,166,64.11111450195312
11.139335632324219,70,166,57.5
0.086395263671875,75,166,68.66666412353516
1.1225967407226562,80,166,69.66666412353516
1.7556838989257812,85,166,70.0
0.455230712890625,90,166,68.625
1.7707061767578125,95,166,69.33333587646484
3.1375350952148438,100,166,69.77777862548828
5.723766326904297,105,166,61.85714340209961
1.044189453125,110,166,66.71428680419922
4.936321258544922,115,166,63.11111068725586
1.0062026977539062,120,166,66.77777862548828
2.3438758850097656,-60,170,56.33333206176758
3.2566795349121094,-55,170,55.55555725097656
0.17194366455078125,-50,170,58.875
0.18133926391601562,-45,170,59.25
0.6642417907714844,-40,170,58.25
2.9430084228515625,-35,170,54.875
5.702518463134766,-30,170,52.55555725097656
1.8970565795898438,-25,170,56.11111068725586
2.8425369262695312,-20,170,55.625
1.0302658081054688,-15,170,59.66666793823242
1.3524627685546875,-10,170,59.88888931274414
0.6572494506835938,-5,170,58.55555725097656
0.28188323974609375,0,170,58.55555725097656
1.0130538940429688,5,170,60.0
2.3664779663085938,10,170,57.77777862548828
3.9979820251464844,15,170,56.625
0.46314239501953125,20,170,60.33333206176758
2.0990142822265625,25,170,58.88888931274414
1.5140037536621094,30,170,58.0
1.7864761352539062,35,170,57.375
0.3761863708496094,40,170,59.0
0.6149101257324219,45,170,57.77777862548828
0.31792449951171875,50,170,58.875
2.4830322265625,55,170,61.5
1.2933769226074219,60,170,60.11111068725586
0.7541236877441406,65,170,59.44444274902344
1.8521232604980469,70,170,57.0
2.1065597534179688,75,170,56.55555725097656
0.6070747375488281,80,170,57.88888931274414
1.786712646484375,85,170,57.33333206176758
3.7383995056152344,90,170,55.375
1.9938621520996094,95,170,57.22222137451172
0.5486106872558594,100,170,58.66666793823242
1.3493690490722656,105,170,58.57143020629883
3.5523338317871094,110,170,60.85714340209961
1.5856361389160156,115,170,59.55555725097656
0.7729644775390625,120,170,58.33333206176758
0.4146995544433594,-60,177,62.66666793823242
0.21067428588867188,-55,177,62.44444274902344
0.8499183654785156,-50,177,63.125
1.2912254333496094,-45,177,63.5
0.6741828918457031,-40,177,63.125
3.7799835205078125,-35,177,58.375
1.2989845275878906,-30,177,63.66666793823242
0.565399169921875,-25,177,63.0
0.80908203125,-20,177,63.5
3.5777740478515625,-15,177,59.11111068725586
1.8005828857421875,-10,177,61.0
0.4791755676269531,-5,177,62.11111068725586
0.8173027038574219,0,177,61.88888931274414
1.5552215576171875,5,177,64.375
1.9532432556152344,10,177,64.88888549804688
0.3045082092285156,15,177,63.25
3.72625732421875,20,177,59.0
2.9661712646484375,25,177,59.66666793823242
2.972881317138672,30,177,59.75
3.2714996337890625,35,177,59.625
3.5634765625,40,177,59.66666793823242
2.8650131225585938,45,177,60.22222137451172
4.487312316894531,50,177,58.375
1.0572662353515625,55,177,61.5
1.5309982299804688,60,177,60.77777862548828
0.035228729248046875,65,177,62.33333206176758
2.137298583984375,70,177,64.375
0.8126335144042969,75,177,63.0
2.0547866821289062,80,177,63.88888931274414
0.10041427612304688,85,177,61.77777862548828
1.3109779357910156,90,177,63.25
0.5348396301269531,95,177,61.55555725097656
2.244525909423828,100,177,64.66666412353516
1.7240028381347656,105,177,60.71428680419922
1.331787109375,110,177,64.14286041259766
0.5533065795898438,115,177,63.22222137451172
1.5343513488769531,120,177,64.33333587646484
1.0564193725585938,-60,183,66.66666412353516
2.1972579956054688,-55,183,65.44444274902344
0.551666259765625,-50,183,68.0
0.9074554443359375,-45,183,66.375
0.4275970458984375,-40,183,67.75
0.20685577392578125,-35,183,67.0
1.4207382202148438,-30,183,68.55555725097656
0.37923431396484375,-25,183,67.44444274902344
1.628997802734375,-20,183,65.625
1.9395675659179688,-15,183,65.33333587646484
0.4436798095703125,-10,183,67.77777862548828
1.2563018798828125,-5,183,68.66666412353516
0.74420166015625,0,183,66.77777862548828
1.7997817993164062,5,183,65.875
0.5998077392578125,10,183,68.33333587646484
0.267547607421875,15,183,67.5
0.20613861083984375,20,183,67.55555725097656
0.01087188720703125,25,183,67.77777862548828
0.5461349487304688,30,183,68.125
0.671783447265625,35,183,68.125
1.2885513305664062,40,183,66.33333587646484
2.9272613525390625,45,183,64.77777862548828
1.3042755126953125,50,183,66.375
0.9570846557617188,55,183,66.75
0.5770645141601562,60,183,68.33333587646484
0.601776123046875,65,183,67.22222137451172
1.3630752563476562,70,183,66.375
0.6375808715820312,75,183,68.22222137451172
1.7246017456054688,80,183,65.88888549804688
2.4464111328125,85,183,65.22222137451172
1.475982666015625,90,183,69.25
0.6596221923828125,95,183,67.11111450195312
1.6791534423828125,100,183,69.33333587646484
0.697235107421875,105,183,68.42857360839844
2.2009429931640625,110,183,65.42857360839844
0.001007080078125,115,183,67.44444274902344
0.1257171630859375,120,183,67.88888549804688
10.666725158691406,-60,196,32.55555725097656
8.002769470214844,-55,196,33.88888931274414
0.27777862548828125,-50,196,32.0
1.1573867797851562,-45,196,33.25
2.5769882202148438,-40,196,35.125
1.1616477966308594,-35,196,31.75
2.2880783081054688,-30,196,34.77777862548828
0.7198829650878906,-25,196,32.88888931274414
3.219898223876953,-20,196,28.75
1.6525154113769531,-15,196,30.22222137451172
1.4100227355957031,-10,196,33.66666793823242
1.0712966918945312,-5,196,33.0
0.198516845703125,0,196,32.0
3.0816783905029297,5,196,34.625
2.982114791870117,10,196,34.11111068725586
3.4851760864257812,15,196,34.5
0.5431766510009766,20,196,31.55555534362793
2.192934036254883,25,196,33.22222137451172
0.3202228546142578,30,196,31.25
0.4263191223144531,35,196,32.125
2.457578659057617,40,196,34.22222137451172
1.0836620330810547,45,196,32.88888931274414
1.8787174224853516,50,196,33.25
0.42047882080078125,55,196,31.75
2.5746536254882812,60,196,33.66666793823242
0.11161613464355469,65,196,31.22222137451172
0.20244789123535156,70,196,31.25
2.8186912536621094,75,196,34.11111068725586
1.9817848205566406,80,196,33.11111068725586
1.9070091247558594,85,196,32.77777862548828
0.04113006591796875,90,196,31.125
3.8975830078125,95,196,34.66666793823242
8.638448715209961,100,196,39.11111068725586
0.6397666931152344,105,196,30.285715103149414
0.8968849182128906,110,196,31.85714340209961
0.34215354919433594,115,196,31.22222137451172
1.324005126953125,120,196,31.66666603088379
