coverage,end_bin,method,n,scenario,score_ratio
0.8777777777777778,65,rolling,180,C3,0.9998767908275223
0.8798611111111111,66,rolling,180,C3,0.9999550674871867
0.8805555555555555,67,rolling,180,C3,1.0
0.8861111111111111,68,rolling,180,C3,1.0
0.887037037037037,69,rolling,180,C3,1.0
0.8905092592592594,70,rolling,180,C3,1.0
0.8932870370370369,71,rolling,180,C3,1.0
0.894675925925926,72,rolling,180,C3,1.0
0.8928240740740739,73,rolling,180,C3,1.0
0.8972222222222223,74,rolling,180,C3,1.0
0.8965277777777778,75,rolling,180,C3,1.0
0.8993055555555556,76,rolling,180,C3,1.0
0.9018518518518518,77,rolling,180,C3,1.0
0.9060185185185184,78,rolling,180,C3,1.0
0.9025462962962963,79,rolling,180,C3,1.0
0.900925925925926,80,rolling,180,C3,1.0
0.8951388888888889,81,rolling,180,C3,1.0
0.8944444444444445,82,rolling,180,C3,1.0
0.8923611111111112,83,rolling,180,C3,1.0
0.8777777777777778,65,aci,180,C3,0.9999781915052409
0.8798611111111111,66,aci,180,C3,1.0000298083461578
0.880324074074074,67,aci,180,C3,1.0001067632471836
0.8849537037037035,68,aci,180,C3,1.000157280287882
0.8861111111111111,69,aci,180,C3,1.0003049774331378
0.889814814814815,70,aci,180,C3,1.0000691694014046
0.8930555555555556,71,aci,180,C3,1.0000204946390374
0.8937500000000002,72,aci,180,C3,0.99998666375506
0.8925925925925925,73,aci,180,C3,0.9998368039526215
0.8967592592592594,74,aci,180,C3,0.9997536985882965
0.8958333333333334,75,aci,180,C3,0.9997496355212051
0.8993055555555556,76,aci,180,C3,0.9998535079202051
0.9016203703703705,77,aci,180,C3,0.9999047795362354
0.905324074074074,78,aci,180,C3,0.9998710964011086
0.9018518518518518,79,aci,180,C3,0.9997650684704433
0.9004629629629629,80,aci,180,C3,0.9998107469185578
0.8944444444444445,81,aci,180,C3,0.9998002182535061
0.8932870370370372,82,aci,180,C3,1.0000165187266603
0.8918981481481483,83,aci,180,C3,1.000033811804386
0.8777777777777778,65,rolling,180,C4,0.999060991163963
0.8796296296296295,66,rolling,180,C4,0.999083457764365
0.8800925925925925,67,rolling,180,C4,0.998919598212703
0.8861111111111111,68,rolling,180,C4,0.998740228505567
0.887037037037037,69,rolling,180,C4,0.9987851488536929
0.8905092592592594,70,rolling,180,C4,0.9990728428968244
0.8930555555555556,71,rolling,180,C4,0.999126142234849
0.8939814814814814,72,rolling,180,C4,0.999200300709719
0.8921296296296295,73,rolling,180,C4,0.9991715599811003
0.8965277777777778,74,rolling,180,C4,0.9988549088699753
0.8958333333333334,75,rolling,180,C4,0.9987827842972605
0.8988425925925926,76,rolling,180,C4,0.9986834703962447
0.9011574074074074,77,rolling,180,C4,0.9986312265860045
0.9053240740740741,78,rolling,180,C4,0.998610225739177
0.9018518518518519,79,rolling,180,C4,0.9987666200906097
0.9002314814814815,80,rolling,180,C4,0.9987736432384076
0.8944444444444445,81,rolling,180,C4,0.9988737342062971
0.8935185185185186,82,rolling,180,C4,0.9986794613951062
0.8914351851851853,83,rolling,180,C4,0.9988018660276945
0.8787037037037038,65,aci,180,C4,0.9998695737096183
0.880787037037037,66,aci,180,C4,1.0001029951346339
0.8810185185185184,67,aci,180,C4,0.9999991530533754
0.8858796296296295,68,aci,180,C4,1.000053351899972
0.8868055555555555,69,aci,180,C4,1.0002849167681436
0.890277777777778,70,aci,180,C4,1.0001172369276397
0.8935185185185184,71,aci,180,C4,1.0001263744041564
0.8942129629629632,72,aci,180,C4,0.9997949664487501
0.8928240740740739,73,aci,180,C4,0.9995828980765074
0.8969907407407408,74,aci,180,C4,0.9992954537828281
0.8960648148148149,75,aci,180,C4,0.9992197481072098
0.8993055555555556,76,aci,180,C4,0.9992231867809519
0.9016203703703705,77,aci,180,C4,0.9992604529072613
0.9055555555555556,78,aci,180,C4,0.9991569207810216
0.9020833333333333,79,aci,180,C4,0.9991530506497189
0.9002314814814816,80,aci,180,C4,0.9990729944108961
0.894212962962963,81,aci,180,C4,0.9992172770256641
0.8935185185185184,82,aci,180,C4,0.9992137297602669
0.8921296296296297,83,aci,180,C4,0.9996876931613227
