coverage,dataset,horizon,level,score,seed,width
0.8984020703847272,metr_la,12,0.9,26.149784088134766,0,14.036408424377441
0.9008112189166613,metr_la,3,0.9,18.442577362060547,0,11.048927307128906
0.8999543783162065,metr_la,6,0.9,22.082321166992188,0,12.480754852294922
0.9476500137350942,metr_la,12,0.95,33.96040725708008,0,19.322120666503906
0.9498618518280537,metr_la,3,0.95,23.802513122558594,0,14.788625717163086
0.9487639575846852,metr_la,6,0.95,28.589200973510742,0,16.832073211669922
0.8975731454008318,metr_la,12,0.9,26.12672996520996,0,14.091907501220703
0.8995076463406798,metr_la,3,0.9,18.53834342956543,0,10.918753623962402
0.8985600254453335,metr_la,6,0.9,22.150920867919922,0,12.407280921936035
0.9482701010292485,metr_la,12,0.95,33.77082443237305,0,19.45582389831543
0.9494112638951359,metr_la,3,0.95,23.935056686401367,0,14.742627143859863
0.9487262072477434,metr_la,6,0.95,28.60186195373535,0,16.88471031188965
0.8921155401816077,pems_bay,12,0.9,13.722561836242676,0,7.769094944000244
0.8969077525705699,pems_bay,3,0.9,8.643712043762207,0,5.523596286773682
0.8953746582372577,pems_bay,6,0.9,11.157942771911621,0,6.658962249755859
0.9452698027393018,pems_bay,12,0.95,17.93998146057129,0,10.223288536071777
0.947954268939432,pems_bay,3,0.95,10.967316627502441,0,7.073468208312988
0.9468921232219031,pems_bay,6,0.95,14.405055046081543,0,8.594599723815918
0.8944688060063971,pems_bay,12,0.9,13.534536361694336,0,7.5787882804870605
0.8978401953757219,pems_bay,3,0.9,8.512033462524414,0,5.353793621063232
0.8966548466639761,pems_bay,6,0.9,11.030265808105469,0,6.512486457824707
0.9462814263656771,pems_bay,12,0.95,17.747512817382812,0,9.974122047424316
0.9483327414468463,pems_bay,3,0.95,10.82077693939209,0,6.8296003341674805
0.9476721134011177,pems_bay,6,0.95,14.263818740844727,0,8.40332317352295
0.8925037625662622,pems_bay,12,0.9,13.593517303466797,0,7.67819356918335
0.8969414339646724,pems_bay,3,0.9,8.550124168395996,0,5.496432304382324
0.8956110188976257,pems_bay,6,0.9,11.098282814025879,0,6.640408992767334
0.9447016508019421,pems_bay,12,0.95,17.77688217163086,0,10.013551712036133
0.9478467248389645,pems_bay,3,0.95,10.821196556091309,0,6.988389015197754
0.9470043945355779,pems_bay,6,0.95,14.288064956665039,0,8.53442668914795
0.89275956284153,sumo,12,0.9,14.816534996032715,0,6.305896282196045
0.9000273224043716,sumo,3,0.9,9.104889869689941,0,4.344472885131836
0.9004918032786885,sumo,6,0.9,12.939274787902832,0,5.667768955230713
0.9478415300546448,sumo,12,0.95,20.021137237548828,0,10.063943862915039
0.9464207650273224,sumo,3,0.95,12.204127311706543,0,6.038006782531738
0.9455191256830601,sumo,6,0.95,18.207035064697266,0,8.418291091918945
0.8900273224043715,sumo,12,0.9,15.865901947021484,0,6.925699234008789
0.9049180327868852,sumo,3,0.9,8.88549518585205,0,4.6792778968811035
0.899016393442623,sumo,6,0.9,12.767531394958496,0,5.917046070098877
0.9447814207650274,sumo,12,0.95,21.18016815185547,0,10.562469482421875
0.9499726775956284,sumo,3,0.95,12.075726509094238,0,6.3674139976501465
0.9483606557377049,sumo,6,0.95,17.815303802490234,0,8.527731895446777
0.8932786885245901,sumo,12,0.9,15.941007614135742,0,6.758426189422607
0.9000273224043716,sumo,3,0.9,8.72134017944336,0,4.3365912437438965
0.8977868852459017,sumo,6,0.9,12.826627731323242,0,5.613935947418213
0.9455464480874317,sumo,12,0.95,21.3046817779541,0,10.592486381530762
0.9473770491803278,sumo,3,0.95,11.774801254272461,0,5.95688533782959
0.9428142076502732,sumo,6,0.95,17.523012161254883,0,8.500969886779785
