aci_estimate,aci_lower,aci_upper,backbone,dataset,rolling_estimate,rolling_lower,rolling_upper,scenario,superiority_rule_met
0.9924304273961373,0.490100075795551,1.578238956246812,dcrnn,metr_la,0.9825299438903663,0.47898092308397006,1.5777128512921565,C3,True
1.4697259023419302,0.8682116157564281,2.165970575110068,dcrnn,metr_la,1.44144413711932,0.8520690842957144,2.1264944564194943,C4,True
0.5342980204418363,0.32917932854648374,0.8479782638670297,dcrnn,pems_bay,0.5708985184875044,0.3503106702212578,0.8975410147765515,C3,True
0.7033543728383971,0.462289692765286,0.9589801013404912,dcrnn,pems_bay,0.7215859634272846,0.47326655529571293,0.98825409880835,C4,True
0.7723431079712615,0.41409691428736217,1.2039477842660111,far_gw,metr_la,0.7932086191312053,0.42932221619898703,1.2330303289770908,C3,True
0.9511702057657634,0.5655528181126093,1.3808204577208265,far_gw,metr_la,0.9507340610235172,0.5331307846023977,1.4261341236007707,C4,True
-0.09359755383904085,-0.24873064757650507,0.09513546550002022,far_gw,pems_bay,-0.07863377187201764,-0.22601192974235357,0.10462087631968058,C3,False
-0.2908138404657811,-0.48387266602519674,-0.10509821472909388,far_gw,pems_bay,-0.26512604695840625,-0.4349571555189276,-0.09548792737935273,C4,False
1.5021601138278013,0.7597281116252533,2.3410614898300244,staeformer,metr_la,1.4972285919698989,0.7435684905534404,2.362109631990291,C3,True
1.8494668599850892,1.0383854476187901,2.7850178945675723,staeformer,metr_la,1.7914352077118465,0.9846689572817245,2.759906266938262,C4,True
0.2615901135644059,0.09781652822194356,0.4519528753691349,staeformer,pems_bay,0.25309445846963813,0.08490306633786303,0.4477555628456464,C3,True
0.27426136035180876,0.10070848476916654,0.4674919567308168,staeformer,pems_bay,0.25983786392849656,0.09832792456093777,0.4390418578299782,C4,True
1.5294796206704893,0.7781304491320497,2.418944795962206,stid,metr_la,1.5509007235094256,0.7963145275393088,2.4513394936424953,C3,True
1.9168645848706334,1.0804371665273624,2.939535120243608,stid,metr_la,1.8670560276365364,1.0133659948376752,2.923641234391931,C4,True
-0.01068889723761089,-0.15554981636114923,0.17986227623089598,stid,pems_bay,-0.022631146059727974,-0.1686750874557165,0.16660402216124556,C3,False
0.07536513427341424,-0.121720758209046,0.2973696348849321,stid,pems_bay,0.06727093846035102,-0.11832695975022402,0.2755232129516315,C4,False
