dataset,scenario,ablation,difference,lower,upper,interval_score,coverage,width_mph
metr_la,C3,no_spatial,0.34851077535281905,0.1470799102927048,0.6105480104551866,20.679691526624893,0.8903793920406158,11.061139000786675
metr_la,C3,no_context,0.0014747205256571204,-0.08828902205849061,0.0897517389396019,20.33330323961046,0.8995709436376463,11.002402835422092
metr_la,C3,no_age,-0.039998258834607094,-0.2524563561126921,0.1669226885086199,20.291635937160915,0.9025023823565781,10.906122949388292
metr_la,C3,no_stale_blend,0.29703809885840193,0.14496609840581376,0.5016322554573235,20.629423989189995,0.899060196056441,11.191384527418348
metr_la,C3,no_inflation,0.010270799958281887,-0.00497478031321344,0.0313048294910953,20.341895633273655,0.8979556129639774,10.88777764638265
metr_la,C3,arrival_freshness,0.0033973246362022933,-0.004019557704705071,0.008960836210391688,20.335010316636826,0.8985077589404784,10.92949284447564
metr_la,C3,frozen_only,0.3046888469581955,-0.08654184979920358,0.7342282687298619,20.636404249403213,0.8834861276775401,10.021007431877983
metr_la,C4,no_spatial,0.22331282430435467,-0.13833396322941316,0.6003897354618493,23.6462951236301,0.8889040967184264,11.724008136325413
metr_la,C4,no_context,-0.0616680491013054,-0.1495778707788513,0.025339850574730864,23.361339781019424,0.8964418673226903,11.59976249270969
metr_la,C4,no_age,-0.2521040466410116,-0.4616141493886551,-0.07163123107953324,23.1709959242079,0.9000499354722685,11.502562522888184
metr_la,C4,no_stale_blend,0.10613802688960224,-0.08100531940420722,0.2826262781369258,23.529896206325954,0.8962225104188413,11.884471575419107
metr_la,C4,no_inflation,0.0402076553633577,0.012230335358664808,0.06816020950237989,23.463268280029297,0.8935082201331704,11.418900383843315
metr_la,C4,arrival_freshness,0.008411868298496737,0.004011327033420626,0.013878138367837073,23.431502236260307,0.8959744813906327,11.55712530348036
metr_la,C4,frozen_only,0.14829053617123886,-0.3515796885709227,0.6721488652928107,23.57027710808648,0.8796508439645089,10.475577354431152
pems_bay,C3,no_spatial,0.15449418366900533,0.06486077645843727,0.26939861726153874,10.48154460059272,0.8941293724279835,6.318712499406603
pems_bay,C3,no_context,0.0002712938479119022,-0.001531415002145192,0.0021375567272429795,10.327321900261772,0.9007683899176955,6.261242866516113
pems_bay,C3,no_age,-0.11983700622245408,-0.18916836187987177,-0.024911524877772213,10.207213825649685,0.9054301697530865,6.25278213289049
pems_bay,C3,no_stale_blend,0.01764806315253262,0.00476858020789919,0.02686357918901287,10.34469879998101,0.8989679783950617,6.254533078935411
pems_bay,C3,no_inflation,0.00011003771300642661,-0.00033107051065194677,0.0006986355337917127,10.327160411410862,0.9002700617283952,6.255744934082031
pems_bay,C3,arrival_freshness,0.0033492946803070226,0.0012155235560379486,0.005745796836972645,10.330399725172255,0.9002218364197532,6.255322880215115
pems_bay,C3,frozen_only,0.20837627713358034,0.0938349901713784,0.36005190659665004,10.535426987542046,0.9075842335390946,6.421179241604275
pems_bay,C4,no_spatial,0.27598601221907204,0.15579020285622489,0.38860041962468306,10.840393596225315,0.8999003343621399,7.000045670403375
pems_bay,C4,no_context,-0.22637765426116957,-0.3954601699448065,-0.08401510362080478,10.338029755486382,0.9015399948559671,6.661612775590685
pems_bay,C4,no_age,-0.0276556286447096,-0.06361763745155447,-0.0009674410648806877,10.536751535203722,0.9074556327160495,6.7795844078063965
pems_bay,C4,no_stale_blend,9.441441027363535,8.41001471305678,10.510547562779667,20.00584814283583,0.548562885802469,3.7504063977135553
pems_bay,C4,no_inflation,-0.0003891476818772596,-0.00706274889847059,0.006207514040268975,10.564018461439344,0.9044335133744856,6.708770116170247
pems_bay,C4,arrival_freshness,3.701982658604269e-05,-0.0006793947548847553,0.0007639045614051763,10.564443800184462,0.9066358024691357,6.775478574964735
pems_bay,C4,frozen_only,0.03936445230652059,-0.009485639882042696,0.07695983284547532,10.603771845499674,0.9052854938271605,6.771098984612359
sumo,C3,no_spatial,0.014729664060804582,-0.02542441967460844,0.0533697739574644,7.618531368838417,0.8875402246508803,4.6583269053035306
sumo,C3,no_context,0.002645462089114718,-0.0026667732331487866,0.011090894440809875,7.606447166866726,0.8889275956284153,4.652056316534679
sumo,C3,no_age,0.09737411604987252,-0.06880684160523942,0.2475926758183372,7.701175820827483,0.8993662720097146,5.123514358864891
sumo,C3,no_stale_blend,0.0752488997247484,0.04864019430345959,0.10271828730901081,7.67905060450236,0.8816674256223438,4.5693286591105995
sumo,C3,no_inflation,0.000868564181857639,-0.004547239773803288,0.006764374640252855,7.60467026895947,0.8878476017000607,4.6322350978851325
sumo,C3,arrival_freshness,1.9411245981852218e-05,-2.049022250705295e-05,7.217589351865978e-05,7.603821116023594,0.8889981785063754,4.655969470739365
sumo,C3,frozen_only,0.10889974964989554,-0.11594651705688899,0.3140744063589307,7.712701454427506,0.9041059502125077,5.282925519678327
sumo,C4,no_spatial,0.010982289137663666,-0.029544159615481336,0.05159165850392093,11.305822123421562,0.8780176077717061,5.384770513463904
sumo,C4,no_context,0.04346348091408058,0.007738095036259405,0.08710952339348968,11.33830331519798,0.8790376442015786,5.418556332588195
sumo,C4,no_age,-0.24649117787679037,-0.6367284725330493,0.07385658228838864,11.048348656407107,0.8915330904675167,5.723800216780769
sumo,C4,no_stale_blend,0.499007781346639,0.2452762500445048,0.8624370605857283,11.793847615630536,0.8578536733454767,5.216010714460302
sumo,C4,no_inflation,0.000981775919596355,-0.0058742853888758915,0.008762344430994102,11.295821610203495,0.87812588544829,5.380425014319243
sumo,C4,arrival_freshness,1.1781409934714993e-05,-1.0818816997386787e-05,4.600851624100288e-05,11.294851615693833,0.8793351548269581,5.404814277754889
sumo,C4,frozen_only,-0.2328984454826073,-0.6350479549831815,0.09820349265027924,11.061941388801293,0.8961070633475006,5.854981542516637
