estimate,lower,mechanism,method,seed,upper
7.334416000048805e-05,-4.798077744680995e-05,Delayed feedback (C1−C0),rolling,11,0.0002612523099988564
0.0022358108963089762,-0.0001782767013234358,Delayed feedback (C1−C0),aci,11,0.005817374435067295
-2.602401843887492e-05,-5.933451702730963e-05,Delayed feedback (C1−C0),rolling,22,-1.4230418325193266e-06
0.002338505848456407,-7.0122202184090075e-06,Delayed feedback (C1−C0),aci,22,0.005586587776663993
-5.6710963084090814e-05,-0.0001597949900921473,Delayed feedback (C1−C0),rolling,33,-2.0991257467054916e-06
0.0006079444962476069,-5.97391454599953e-05,Delayed feedback (C1−C0),aci,33,0.0014470699212021502
0.01225992365511451,-9.259591375262561e-05,Input fault (C2−C0),rolling,11,0.033298209314847955
0.013091597790965656,-0.00021312441662707388,Input fault (C2−C0),aci,11,0.03505143019121734
0.0014791002221525356,-0.003215184837882943,Input fault (C2−C0),rolling,22,0.0073188728000180454
0.0019186006955433437,-0.0029281931654540788,Input fault (C2−C0),aci,22,0.008087937010468947
0.003883716780263866,-0.0009323761160026659,Input fault (C2−C0),rolling,33,0.009316505038330225
0.004127022994604583,-0.001050374234829279,Input fault (C2−C0),aci,33,0.010269934958099232
