backbone,bootstrap_resamples,comparator,comparison_scope,dataset,estimate_mph,far_cal_coverage,joint_rule_met_vs_rolling_and_aci,lower_95_mph,proposed_method,scenario,upper_95_mph
far_gw,2000,rolling,same frozen backbone and forecast cache,metr_la,0.7932086191312053,0.8985451761102603,True,0.42932221619898703,FAR-Cal asymmetric (asym100),C3,1.2330303289770908
far_gw,2000,aci,same frozen backbone and forecast cache,metr_la,0.7723431079712615,0.8985451761102603,True,0.41409691428736217,FAR-Cal asymmetric (asym100),C3,1.2039477842660111
far_gw,2000,corel,same frozen backbone and forecast cache,metr_la,1.696001406123246,0.8985451761102603,True,1.1594339429769187,FAR-Cal asymmetric (asym100),C3,2.304874744574135
staeformer,2000,rolling,same frozen backbone and forecast cache,metr_la,1.4972285919698989,0.8965033180193976,True,0.7435684905534404,FAR-Cal asymmetric (asym100),C3,2.362109631990291
staeformer,2000,aci,same frozen backbone and forecast cache,metr_la,1.5021601138278013,0.8965033180193976,True,0.7597281116252533,FAR-Cal asymmetric (asym100),C3,2.3410614898300244
stid,2000,rolling,same frozen backbone and forecast cache,metr_la,1.5509007235094256,0.8891015824400205,True,0.7963145275393088,FAR-Cal asymmetric (asym100),C3,2.4513394936424953
stid,2000,aci,same frozen backbone and forecast cache,metr_la,1.5294796206704893,0.8891015824400205,True,0.7781304491320497,FAR-Cal asymmetric (asym100),C3,2.418944795962206
dcrnn,2000,rolling,same frozen backbone and forecast cache,metr_la,0.9825299438903663,0.8890590437297942,True,0.47898092308397006,FAR-Cal asymmetric (asym100),C3,1.5777128512921565
dcrnn,2000,aci,same frozen backbone and forecast cache,metr_la,0.9924304273961373,0.8890590437297942,True,0.490100075795551,FAR-Cal asymmetric (asym100),C3,1.578238956246812
far_gw,2000,rolling,same frozen backbone and forecast cache,metr_la,0.9507340610235172,0.8958492812792379,True,0.5331307846023977,FAR-Cal asymmetric (asym100),C4,1.4261341236007707
far_gw,2000,aci,same frozen backbone and forecast cache,metr_la,0.9511702057657634,0.8958492812792379,True,0.5655528181126093,FAR-Cal asymmetric (asym100),C4,1.3808204577208265
far_gw,2000,corel,same frozen backbone and forecast cache,metr_la,2.1766980024709115,0.8958492812792379,True,1.378362201265531,FAR-Cal asymmetric (asym100),C4,3.1390449123013346
staeformer,2000,rolling,same frozen backbone and forecast cache,metr_la,1.7914352077118465,0.8915964957046866,True,0.9846689572817245,FAR-Cal asymmetric (asym100),C4,2.759906266938262
staeformer,2000,aci,same frozen backbone and forecast cache,metr_la,1.8494668599850892,0.8915964957046866,True,1.0383854476187901,FAR-Cal asymmetric (asym100),C4,2.7850178945675723
stid,2000,rolling,same frozen backbone and forecast cache,metr_la,1.8670560276365364,0.887981627966318,True,1.0133659948376752,FAR-Cal asymmetric (asym100),C4,2.923641234391931
stid,2000,aci,same frozen backbone and forecast cache,metr_la,1.9168645848706334,0.887981627966318,True,1.0804371665273624,FAR-Cal asymmetric (asym100),C4,2.939535120243608
dcrnn,2000,rolling,same frozen backbone and forecast cache,metr_la,1.44144413711932,0.8943182784723994,True,0.8520690842957144,FAR-Cal asymmetric (asym100),C4,2.1264944564194943
dcrnn,2000,aci,same frozen backbone and forecast cache,metr_la,1.4697259023419302,0.8943182784723994,True,0.8682116157564281,FAR-Cal asymmetric (asym100),C4,2.165970575110068
far_gw,2000,rolling,same frozen backbone and forecast cache,pems_bay,-0.07863377187201764,0.9005594135802469,False,-0.22601192974235357,FAR-Cal asymmetric (asym100),C3,0.10462087631968058
far_gw,2000,aci,same frozen backbone and forecast cache,pems_bay,-0.09359755383904085,0.9005594135802469,False,-0.24873064757650507,FAR-Cal asymmetric (asym100),C3,0.09513546550002022
far_gw,2000,corel,same frozen backbone and forecast cache,pems_bay,2.2546889609178153,0.9005594135802469,False,1.8212320882549833,FAR-Cal asymmetric (asym100),C3,2.7181052807730004
staeformer,2000,rolling,same frozen backbone and forecast cache,pems_bay,0.25309445846963813,0.8944669495884774,True,0.08490306633786303,FAR-Cal asymmetric (asym100),C3,0.4477555628456464
staeformer,2000,aci,same frozen backbone and forecast cache,pems_bay,0.2615901135644059,0.8944669495884774,True,0.09781652822194356,FAR-Cal asymmetric (asym100),C3,0.4519528753691349
stid,2000,rolling,same frozen backbone and forecast cache,pems_bay,-0.022631146059727974,0.9002057613168725,False,-0.1686750874557165,FAR-Cal asymmetric (asym100),C3,0.16660402216124556
stid,2000,aci,same frozen backbone and forecast cache,pems_bay,-0.01068889723761089,0.9002057613168725,False,-0.15554981636114923,FAR-Cal asymmetric (asym100),C3,0.17986227623089598
dcrnn,2000,rolling,same frozen backbone and forecast cache,pems_bay,0.5708985184875044,0.9007040895061729,True,0.3503106702212578,FAR-Cal asymmetric (asym100),C3,0.8975410147765515
dcrnn,2000,aci,same frozen backbone and forecast cache,pems_bay,0.5342980204418363,0.9007040895061729,True,0.32917932854648374,FAR-Cal asymmetric (asym100),C3,0.8479782638670297
far_gw,2000,rolling,same frozen backbone and forecast cache,pems_bay,-0.26512604695840625,0.906812628600823,False,-0.4349571555189276,FAR-Cal asymmetric (asym100),C4,-0.09548792737935273
far_gw,2000,aci,same frozen backbone and forecast cache,pems_bay,-0.2908138404657811,0.906812628600823,False,-0.48387266602519674,FAR-Cal asymmetric (asym100),C4,-0.10509821472909388
far_gw,2000,corel,same frozen backbone and forecast cache,pems_bay,2.24496652412807,0.906812628600823,False,1.7614885999504966,FAR-Cal asymmetric (asym100),C4,2.745173777097961
staeformer,2000,rolling,same frozen backbone and forecast cache,pems_bay,0.25983786392849656,0.9101240997942387,True,0.09832792456093777,FAR-Cal asymmetric (asym100),C4,0.4390418578299782
staeformer,2000,aci,same frozen backbone and forecast cache,pems_bay,0.27426136035180876,0.9101240997942387,True,0.10070848476916654,FAR-Cal asymmetric (asym100),C4,0.4674919567308168
stid,2000,rolling,same frozen backbone and forecast cache,pems_bay,0.06727093846035102,0.9061535493827161,False,-0.11832695975022402,FAR-Cal asymmetric (asym100),C4,0.2755232129516315
stid,2000,aci,same frozen backbone and forecast cache,pems_bay,0.07536513427341424,0.9061535493827161,False,-0.121720758209046,FAR-Cal asymmetric (asym100),C4,0.2973696348849321
dcrnn,2000,rolling,same frozen backbone and forecast cache,pems_bay,0.7215859634272846,0.9144483024691358,True,0.47326655529571293,FAR-Cal asymmetric (asym100),C4,0.98825409880835
dcrnn,2000,aci,same frozen backbone and forecast cache,pems_bay,0.7033543728383971,0.9144483024691358,True,0.462289692765286,FAR-Cal asymmetric (asym100),C4,0.9589801013404912
