aci_minus_far_cal_estimate,aci_minus_far_cal_lower,aci_minus_far_cal_upper,dataset,factor,far_cal_coverage,far_cal_interval_score,rolling_minus_far_cal_estimate,rolling_minus_far_cal_lower,rolling_minus_far_cal_upper,scenario,superiority_rule_met,value,variant
0.5260107249091177,0.11700930174140954,1.0408313742542668,metr_la,duration_bins,0.9042277459103463,17.898630142211914,0.5325661695102281,0.0933153149436065,1.0936953660739754,C3,True,3,duration03
0.7132931875991484,0.3792014056161944,1.1025956068722422,metr_la,duration_bins,0.8983647635711662,21.517810821533203,0.6658053251660407,0.3284562055752573,1.0508665082557107,C3,True,12,duration12
0.629496009214642,0.28107527355045764,1.0276387860771445,metr_la,duration_bins,0.8956239212102751,23.617677688598633,0.5900052574283537,0.23849552914331226,1.0052695588290672,C3,True,24,duration24
0.5152860561491034,0.2238597595968155,0.8211336661696251,metr_la,duration_bins,0.8997583004706781,21.143842697143555,0.48672219525411503,0.1996091331181175,0.7803933422495344,C4,True,3,duration03
0.8227005860458301,0.4168849941720976,1.236252797481628,metr_la,duration_bins,0.8965509770787295,20.862377166748047,0.7316139898379097,0.27045601942437125,1.1539464758015996,C4,True,12,duration12
0.7564923047359181,0.4103262200847501,1.1715054161571221,metr_la,duration_bins,0.9016571701970336,22.450288772583008,0.7396876787680638,0.4132892205971617,1.124976640405289,C4,True,24,duration24
-0.0256729777902365,-0.18445481780365197,0.14029987556273285,pems_bay,duration_bins,0.8984053497942387,10.565789222717285,-0.01657662558304185,-0.17185874501697956,0.15323946841361566,C3,False,3,duration03
-0.18646091496794193,-0.2840468663490488,-0.09059372041146212,pems_bay,duration_bins,0.8980918852880658,11.127067565917969,-0.16016670776753392,-0.25654060256351996,-0.06152092869577415,C3,False,12,duration12
-0.39790079405145473,-0.5210693401259604,-0.2700295468632502,pems_bay,duration_bins,0.9015507115912208,12.881922721862793,-0.37484866725370314,-0.4997449608626173,-0.24912126507597496,C3,False,24,duration24
-0.20591855832517392,-0.37244299289503857,-0.05353503142774599,pems_bay,duration_bins,0.9066518775720165,10.556252479553223,-0.18492829959088394,-0.3519824954489533,-0.03568676572482527,C4,False,3,duration03
-0.2223400296068486,-0.3415289362999992,-0.11954176893040235,pems_bay,duration_bins,0.9018454218106996,11.073175430297852,-0.21549908714867178,-0.330791715380802,-0.11320155451810449,C4,False,12,duration12
-0.415285746128757,-0.5538681773368603,-0.3035270283437438,pems_bay,duration_bins,0.9017168209876543,12.871079444885254,-0.3858683682385377,-0.5208257231644086,-0.27182732880750154,C4,False,24,duration24
,,,metr_la,duration_bins,0.8985451761102603,20.33696746826172,,,,C3,True,6,baseline
,,,metr_la,duration_bins,0.8958492812792379,23.433210372924805,,,,C4,True,6,baseline
,,,pems_bay,duration_bins,0.9005594135802469,10.327051162719727,,,,C3,False,6,baseline
,,,pems_bay,duration_bins,0.906812628600823,10.564407348632812,,,,C4,False,6,baseline
